{"cameraMode":{"drawMode":0,"name":"Shaded","section":"Shading Mode"},"sceneLighting":true,"audioPlay":false,"sceneViewState":{"m_AlwaysRefresh":false,"showFog":true,"showSkybox":true,"showFlares":true,"showImageEffects":true,"showParticleSystems":true,"showVisualEffectGraphs":true,"m_FxEnabled":true},"in2DMode":false,"pivot":{"x":126.67762756347656,"y":6.738972187042236,"z":0.14634323120117188},"rotation":{"x":-0.0597650408744812,"y":0.8010507225990295,"z":-0.08098135888576508,"w":-0.5902222394943237},"size":3.3059444427490236,"orthographic":false}